Suite/Test/Step Name,Browser,Description,Tag,Start time,End time,Duration,Status
Sale,Firefox 68.0,,,2019-09-17 07:30:52,2019-09-17 07:35:57,5m - 5.258s,INCOMPLETE
,,,,,,,
Test Cases/FirstView/Sale/TC_Sales_003,Firefox 68.0,,,2019-09-17 07:30:52,2019-09-17 07:31:59,1m - 6.831s,PASSED
"utilities.SafeActions.openBrowser(URL, [PageLoadTime])",Firefox 68.0,,,2019-09-17 07:30:53,2019-09-17 07:31:03,9.683s,PASSED
delay(delayForPageLoad),Firefox 68.0,,,2019-09-17 07:31:03,2019-09-17 07:31:09,6.043s,PASSED
"utilities.SafeActions.safeSelectOptionInDropDownByVisibleText(findTestObject(""Pages/Sale/dropDown_AccountType""), accountType, ""Select by Value"", [25])",Firefox 68.0,,,2019-09-17 07:31:09,2019-09-17 07:31:10,1.068s,PASSED
delay(3),Firefox 68.0,,,2019-09-17 07:31:10,2019-09-17 07:31:13,3.005s,PASSED
"pages.Sale.verifyIfEntryModeIsChecked(""Sale"", ""Manually Keyed"", 5)",Firefox 68.0,,,2019-09-17 07:31:13,2019-09-17 07:31:13,0.141s,PASSED
"scrollToElement(findTestObject(""Pages/Sale/input_Amount""), 60)",Firefox 68.0,Scroll down to Element inputAmount,,2019-09-17 07:31:13,2019-09-17 07:31:13,0.216s,PASSED
"utilities.SafeActions.safeType(findTestObject(""Pages/Sale/input_Amount""), ""550"", ""Enter Amount into Amount text box"", [20])",Firefox 68.0,,,2019-09-17 07:31:13,2019-09-17 07:31:14,0.664s,PASSED
"total_Amount = utilities.SafeActions.safeGetText(findTestObject(""Pages/Sale/total_Amount""), 10)",Firefox 68.0,,,2019-09-17 07:31:14,2019-09-17 07:31:14,0.285s,PASSED
"scrollToElement(findTestObject(""Pages/Sale/dropDown_ExpirationMonth""), 60)",Firefox 68.0,,,2019-09-17 07:31:14,2019-09-17 07:31:14,0.236s,PASSED
"pages.Sale.verifyIfEntryModeIsChecked(""Sale"", ""Card Not Present"", 5)",Firefox 68.0,,,2019-09-17 07:31:14,2019-09-17 07:31:14,0.043s,PASSED
"utilities.SafeActions.safeType(findTestObject(""Pages/Sale/input_CardNumber""), ""4111111111111111"", ""Entering Card Number"", [10])",Firefox 68.0,,,2019-09-17 07:31:14,2019-09-17 07:31:15,0.750s,PASSED
delay(4),Firefox 68.0,,,2019-09-17 07:31:15,2019-09-17 07:31:19,4.005s,PASSED
"utilities.SafeActions.safeSelectOptionInDropDownByVisibleText(findTestObject(""Pages/Sale/dropDown_ExpirationMonth""), ""September"", ""Select Expiration Month"", [5])",Firefox 68.0,,,2019-09-17 07:31:19,2019-09-17 07:31:20,0.851s,PASSED
"utilities.SafeActions.safeSelectOptionInDropDownByVisibleText(findTestObject(""Pages/Sale/dropDown_ExpirationYear""), ""2022"", ""Select Expiration Year"", [5])",Firefox 68.0,,,2019-09-17 07:31:20,2019-09-17 07:31:21,0.764s,PASSED
delay(2),Firefox 68.0,,,2019-09-17 07:31:21,2019-09-17 07:31:23,2.007s,PASSED
"scrollToElement(findTestObject(""Pages/Sale/invoiceNumber""), 10)",Firefox 68.0,,,2019-09-17 07:31:23,2019-09-17 07:31:23,0.106s,PASSED
"invoiceNumber = utilities.SafeActions.safeGetText(findTestObject(""Pages/Sale/invoiceNumber""), 10)",Firefox 68.0,,,2019-09-17 07:31:23,2019-09-17 07:31:23,0.261s,PASSED
"pages.Sale.verifyIfAdditionalPromptingIsChecked(""Save to Vault?"", 10)",Firefox 68.0,,,2019-09-17 07:31:23,2019-09-17 07:31:24,0.470s,PASSED
"utilities.SafeActions.safeClickwithScroll(findTestObject(""Pages/Sale/button_Checkout""), ""Click on Checkout button"", [60])",Firefox 68.0,,,2019-09-17 07:31:24,2019-09-17 07:31:24,0.621s,PASSED
"pages.Sale.verifyTransactionCompletePage(findTestObject(""Pages/Sale/heading_TransactionComplete""))",Firefox 68.0,,,2019-09-17 07:31:24,2019-09-17 07:31:25,0.425s,PASSED
delay(6),Firefox 68.0,,,2019-09-17 07:31:25,2019-09-17 07:31:31,6.004s,PASSED
"scrollToElement(findTestObject(""Pages/Sale/input_VaultReferenceNumber""), 10)",Firefox 68.0,,,2019-09-17 07:31:31,2019-09-17 07:31:31,0.140s,PASSED
"utilities.SafeActions.safeType(findTestObject(""Pages/Sale/input_VaultReferenceNumber""), vaultReference, ""Enter Vault Reference Number"", [5])",Firefox 68.0,,,2019-09-17 07:31:31,2019-09-17 07:31:31,0.527s,PASSED
"utilities.SafeActions.safeClickwithScroll(findTestObject(""Pages/Sale/button_SaveAndReturnToSale_TransactionComplete""), ""Click on Save and Return To Sale button"", [10])",Firefox 68.0,,,2019-09-17 07:31:31,2019-09-17 07:31:32,0.696s,PASSED
"popupFromMessage = utilities.SafeActions.safeGetText(findTestObject(""Pages/Sale/popupText_AfterClickOn_SaveAndReturnToSale_TransactionComplete""), 5)",Firefox 68.0,,,2019-09-17 07:31:32,2019-09-17 07:31:32,0.183s,PASSED
"utilities.SafeActions.verifyPopupMessage(""Successfully Saved to Vault. Please click ok to return to sale screen."", popupFromMessage)",Firefox 68.0,,,2019-09-17 07:31:32,2019-09-17 07:31:32,0.027s,PASSED
delay(3),Firefox 68.0,,,2019-09-17 07:31:32,2019-09-17 07:31:35,3.004s,PASSED
"utilities.SafeActions.safeClickWithoutScroll(findTestObject(""Pages/Sale/button_OK_PopupAfterClickOnSaveAndReturnToSale_TransactionComplete""), ""Click on OK"", [15])",Firefox 68.0,,,2019-09-17 07:31:35,2019-09-17 07:31:36,0.564s,PASSED
delay(5),Firefox 68.0,,,2019-09-17 07:31:36,2019-09-17 07:31:41,5.005s,PASSED
"utilities.SafeActions.safeClickwithScroll(findTestObject(""Pages/FirstPayVault/tab_FirstPayVault""), ""First Pay Vault Tab"", [10])",Firefox 68.0,,,2019-09-17 07:31:41,2019-09-17 07:31:41,0.716s,PASSED
"utilities.SafeActions.safeClickwithScroll(findTestObject(""Pages/FirstPayVault/button_SearchVault""), ""Click on Search Vault"", [10])",Firefox 68.0,,,2019-09-17 07:31:41,2019-09-17 07:31:42,0.937s,PASSED
"utilities.SafeActions.safeClickWithoutScroll(findTestObject(""Pages/FirstPayVault/button_Search""), ""Click On Search button"", [5])",Firefox 68.0,,,2019-09-17 07:31:42,2019-09-17 07:31:43,0.756s,PASSED
"scrollToElement(findTestObject(""Pages/Transaction_Management/invoice_ForTransaction""), 5)",Firefox 68.0,,,2019-09-17 07:31:43,2019-09-17 07:31:44,0.619s,PASSED
"pages.FirstPayVault.verifyInvoiceRecord(findTestObject(""Pages/FirstPayVault/footer_NextButton""), findTestObject(""Pages/FirstPayVault/page_Number""), vaultReference)",Firefox 68.0,,,2019-09-17 07:31:44,2019-09-17 07:31:44,0.503s,PASSED
delay(2),Firefox 68.0,,,2019-09-17 07:31:44,2019-09-17 07:31:46,2.007s,PASSED
"pages.FirstPayVault.deleteInvoiceRecord(findTestObject(""Pages/FirstPayVault/footer_NextButton""), findTestObject(""Pages/FirstPayVault/page_Number""), findTestObject(""Pages/FirstPayVault/button_deleteFromVault""), vaultReference)",Firefox 68.0,,,2019-09-17 07:31:46,2019-09-17 07:31:53,6.966s,PASSED
delay(delayBetweenTestSteps),Firefox 68.0,,,2019-09-17 07:31:53,2019-09-17 07:31:56,3.007s,PASSED
"deleteVaultPopupMessage = utilities.SafeActions.safeGetText(findTestObject(""Pages/FirstPayVault/alertMessageAfterDeleteVault""), delayBetweenTestSteps)",Firefox 68.0,,,2019-09-17 07:31:56,2019-09-17 07:31:56,0.190s,PASSED
"utilities.SafeActions.verifyPopupMessage(""Vault Deletion successfully completed"", deleteVaultPopupMessage)",Firefox 68.0,,,2019-09-17 07:31:56,2019-09-17 07:31:56,0.001s,PASSED
"utilities.SafeActions.safeClickWithoutScroll(findTestObject(""Pages/FirstPayVault/closeLocatorForDeletePopupMessage""), ""Click on Close button"", [5])",Firefox 68.0,,,2019-09-17 07:31:56,2019-09-17 07:31:57,0.550s,PASSED
closeBrowser(),Firefox 68.0,,,2019-09-17 07:31:57,2019-09-17 07:31:59,1.807s,PASSED
Start listener action : sampleAfterTestCase,Firefox 68.0,,,2019-09-17 07:31:59,2019-09-17 07:31:59,0.005s,PASSED
,,,,,,,
Test Cases/FirstView/Sale/TC_Sales_005,Firefox 68.0,,,2019-09-17 07:31:59,2019-09-17 07:32:40,41.686s,PASSED
"utilities.SafeActions.openBrowser(URL, [PageLoadTime])",Firefox 68.0,,,2019-09-17 07:31:59,2019-09-17 07:32:09,9.251s,PASSED
delay(6),Firefox 68.0,,,2019-09-17 07:32:09,2019-09-17 07:32:15,6.004s,PASSED
"utilities.SafeActions.safeSelectOptionInDropDownByVisibleText(findTestObject(""Pages/Sale/dropDown_AccountType""), ""ranjanatest2 - 888814981372/002 Account Type: Ecommerce"", ""Select by Value"", [25])",Firefox 68.0,,,2019-09-17 07:32:15,2019-09-17 07:32:16,1.105s,PASSED
delay(3),Firefox 68.0,,,2019-09-17 07:32:16,2019-09-17 07:32:19,3.005s,PASSED
"pages.Sale.verifyIfEntryModeIsChecked(""Sale"", ""Manually Keyed"", delayBetweenTestSteps)",Firefox 68.0,,,2019-09-17 07:32:19,2019-09-17 07:32:19,0.065s,PASSED
"scrollToElement(findTestObject(""Pages/Sale/input_Amount""), 60)",Firefox 68.0,Scroll down to Element inputAmount,,2019-09-17 07:32:19,2019-09-17 07:32:19,0.338s,PASSED
"utilities.SafeActions.safeType(findTestObject(""Pages/Sale/input_Amount""), ""550"", ""Enter Amount into Amount text box"", [20])",Firefox 68.0,,,2019-09-17 07:32:19,2019-09-17 07:32:20,0.872s,PASSED
"total_Amount = utilities.SafeActions.safeGetText(findTestObject(""Pages/Sale/total_Amount""), 10)",Firefox 68.0,,,2019-09-17 07:32:20,2019-09-17 07:32:20,0.256s,PASSED
"scrollToElement(findTestObject(""Pages/Sale/dropDown_ExpirationMonth""), 60)",Firefox 68.0,,,2019-09-17 07:32:20,2019-09-17 07:32:20,0.117s,PASSED
"pages.Sale.verifyIfEntryModeIsChecked(""Sale"", ""Card Not Present"", delayBetweenTestSteps)",Firefox 68.0,,,2019-09-17 07:32:20,2019-09-17 07:32:20,0.055s,PASSED
"utilities.SafeActions.safeType(findTestObject(""Pages/Sale/input_CardNumber""), ""4111111111111111"", ""Entering Card Number"", [10])",Firefox 68.0,,,2019-09-17 07:32:20,2019-09-17 07:32:21,0.754s,PASSED
delay(4),Firefox 68.0,,,2019-09-17 07:32:21,2019-09-17 07:32:25,4.004s,PASSED
"utilities.SafeActions.safeSelectOptionInDropDownByVisibleText(findTestObject(""Pages/Sale/dropDown_ExpirationMonth""), ""September"", ""Enter Expiration Month"", [5])",Firefox 68.0,,,2019-09-17 07:32:25,2019-09-17 07:32:26,0.584s,PASSED
"utilities.SafeActions.safeSelectOptionInDropDownByVisibleText(findTestObject(""Pages/Sale/dropDown_ExpirationYear""), ""2022"", ""Enter Expiration Year"", [5])",Firefox 68.0,,,2019-09-17 07:32:26,2019-09-17 07:32:26,0.567s,PASSED
delay(2),Firefox 68.0,,,2019-09-17 07:32:26,2019-09-17 07:32:28,2.002s,PASSED
"scrollToElement(findTestObject(""Pages/Sale/input_CustomerName""), 5)",Firefox 68.0,,,2019-09-17 07:32:28,2019-09-17 07:32:28,0.087s,PASSED
"utilities.SafeActions.safeType(findTestObject(""Pages/Sale/input_CustomerName""), ""Venkata Sai"", ""Enter Customer Name"", [5])",Firefox 68.0,,,2019-09-17 07:32:28,2019-09-17 07:32:29,0.497s,PASSED
"utilities.SafeActions.safeType(findTestObject(""Pages/Sale/input_Address""), ""Street12334"", ""Enter Address"", [5])",Firefox 68.0,,,2019-09-17 07:32:29,2019-09-17 07:32:29,0.479s,PASSED
"utilities.SafeActions.safeType(findTestObject(""Pages/Sale/input_PostalCode""), ""76102"", ""Enter Postal Code"", [5])",Firefox 68.0,,,2019-09-17 07:32:29,2019-09-17 07:32:30,0.399s,PASSED
"scrollToElement(findTestObject(""Pages/Sale/invoiceNumber""), 10)",Firefox 68.0,,,2019-09-17 07:32:30,2019-09-17 07:32:30,0.089s,PASSED
"invoiceNumber = utilities.SafeActions.safeGetText(findTestObject(""Pages/Sale/invoiceNumber""), 10)",Firefox 68.0,,,2019-09-17 07:32:30,2019-09-17 07:32:30,0.181s,PASSED
"utilities.SafeActions.safeClickwithScroll(findTestObject(""Pages/Sale/button_Checkout""), ""Click on Checkout button"", [60])",Firefox 68.0,,,2019-09-17 07:32:30,2019-09-17 07:32:31,0.675s,PASSED
"pages.Sale.verifyTransactionCompletePage(findTestObject(""Pages/Sale/heading_TransactionComplete""))",Firefox 68.0,,,2019-09-17 07:32:31,2019-09-17 07:32:31,0.074s,PASSED
delay(6),Firefox 68.0,,,2019-09-17 07:32:31,2019-09-17 07:32:37,6.004s,PASSED
"utilities.SafeActions.safeClickWithoutScroll(findTestObject(""Pages/Sale/button_ReturnToSale""), ""Click on Return To Sale"", [10])",Firefox 68.0,,,2019-09-17 07:32:37,2019-09-17 07:32:37,0.504s,PASSED
"utilities.SafeActions.safeClickWithoutScroll(findTestObject(""Pages/Transaction_Management/tab_TransactionManagement""), ""Transaction Management Tab"", [10])",Firefox 68.0,,,2019-09-17 07:32:37,2019-09-17 07:32:38,0.417s,PASSED
"utilities.SafeActions.safeClickwithScroll(findTestObject(""Pages/Transaction_Management/button_Search""), ""Search"", [10])",Firefox 68.0,,,2019-09-17 07:32:38,2019-09-17 07:32:38,0.714s,PASSED
"scrollToElement(findTestObject(""Pages/Transaction_Management/invoice_ForTransaction""), 5)",Firefox 68.0,,,2019-09-17 07:32:38,2019-09-17 07:32:39,0.141s,PASSED
"pages.Transaction_Management.verifyInvoiceRecord(findTestObject(""Pages/Transaction_Management/footer_NextButton""), findTestObject(""Pages/Transaction_Management/page_Number""), invoiceNumber, total_Amount)",Firefox 68.0,,,2019-09-17 07:32:39,2019-09-17 07:32:39,0.481s,PASSED
closeBrowser(),Firefox 68.0,,,2019-09-17 07:32:39,2019-09-17 07:32:40,1.453s,PASSED
Start listener action : sampleAfterTestCase,Firefox 68.0,,,2019-09-17 07:32:40,2019-09-17 07:32:40,0.000s,PASSED
,,,,,,,
Test Cases/FirstView/Sale/TC_Sales_006,Firefox 68.0,,,2019-09-17 07:32:40,2019-09-17 07:33:19,38.592s,PASSED
"utilities.SafeActions.openBrowser(URL, [PageLoadTime])",Firefox 68.0,,,2019-09-17 07:32:41,2019-09-17 07:32:50,8.693s,PASSED
delay(6),Firefox 68.0,,,2019-09-17 07:32:50,2019-09-17 07:32:56,6.004s,PASSED
"utilities.SafeActions.safeSelectOptionInDropDownByVisibleText(findTestObject(""Pages/Sale/dropDown_AccountType""), ""ranjanatest2 - 888814981372/003 Account Type: Moto"", ""Select by Value"", [25])",Firefox 68.0,,,2019-09-17 07:32:56,2019-09-17 07:32:56,0.749s,PASSED
delay(3),Firefox 68.0,,,2019-09-17 07:32:56,2019-09-17 07:32:59,3.004s,PASSED
"pages.Sale.verifyIfEntryModeIsChecked(""Sale"", ""Manually Keyed"", delayBetweenTestSteps)",Firefox 68.0,,,2019-09-17 07:32:59,2019-09-17 07:32:59,0.036s,PASSED
"scrollToElement(findTestObject(""Pages/Sale/input_Amount""), 60)",Firefox 68.0,Scroll down to Element inputAmount,,2019-09-17 07:32:59,2019-09-17 07:33:00,0.111s,PASSED
"utilities.SafeActions.safeType(findTestObject(""Pages/Sale/input_Amount""), ""550"", ""Enter Amount into Amount text box"", [20])",Firefox 68.0,,,2019-09-17 07:33:00,2019-09-17 07:33:00,0.472s,PASSED
"total_Amount = utilities.SafeActions.safeGetText(findTestObject(""Pages/Sale/total_Amount""), 10)",Firefox 68.0,,,2019-09-17 07:33:00,2019-09-17 07:33:00,0.123s,PASSED
"scrollToElement(findTestObject(""Pages/Sale/dropDown_ExpirationMonth""), 60)",Firefox 68.0,,,2019-09-17 07:33:00,2019-09-17 07:33:00,0.084s,PASSED
"pages.Sale.verifyIfEntryModeIsChecked(""Sale"", ""Card Not Present"", delayBetweenTestSteps)",Firefox 68.0,,,2019-09-17 07:33:00,2019-09-17 07:33:00,0.018s,PASSED
"utilities.SafeActions.safeType(findTestObject(""Pages/Sale/input_CardNumber""), ""4111111111111111"", ""Entering Card Number"", [10])",Firefox 68.0,,,2019-09-17 07:33:00,2019-09-17 07:33:01,0.602s,PASSED
delay(4),Firefox 68.0,,,2019-09-17 07:33:01,2019-09-17 07:33:05,4.004s,PASSED
"utilities.SafeActions.safeSelectOptionInDropDownByVisibleText(findTestObject(""Pages/Sale/dropDown_ExpirationMonth""), ""September"", ""Enter Expiration Month"", [5])",Firefox 68.0,,,2019-09-17 07:33:05,2019-09-17 07:33:06,0.686s,PASSED
"utilities.SafeActions.safeSelectOptionInDropDownByVisibleText(findTestObject(""Pages/Sale/dropDown_ExpirationYear""), ""2022"", ""Enter Expiration Year"", [5])",Firefox 68.0,,,2019-09-17 07:33:06,2019-09-17 07:33:06,0.615s,PASSED
delay(2),Firefox 68.0,,,2019-09-17 07:33:06,2019-09-17 07:33:08,2.004s,PASSED
"scrollToElement(findTestObject(""Pages/Sale/invoiceNumber""), 10)",Firefox 68.0,,,2019-09-17 07:33:08,2019-09-17 07:33:08,0.112s,PASSED
"invoiceNumber = utilities.SafeActions.safeGetText(findTestObject(""Pages/Sale/invoiceNumber""), 10)",Firefox 68.0,,,2019-09-17 07:33:08,2019-09-17 07:33:08,0.104s,PASSED
"utilities.SafeActions.safeClickwithScroll(findTestObject(""Pages/Sale/button_Checkout""), ""Click on Checkout button"", [60])",Firefox 68.0,,,2019-09-17 07:33:08,2019-09-17 07:33:09,0.601s,PASSED
"pages.Sale.verifyTransactionCompletePage(findTestObject(""Pages/Sale/heading_TransactionComplete""))",Firefox 68.0,,,2019-09-17 07:33:09,2019-09-17 07:33:09,0.105s,PASSED
delay(6),Firefox 68.0,,,2019-09-17 07:33:09,2019-09-17 07:33:15,6.002s,PASSED
"utilities.SafeActions.safeClickWithoutScroll(findTestObject(""Pages/Sale/button_ReturnToSale""), ""Click on Return To Sale"", [10])",Firefox 68.0,,,2019-09-17 07:33:15,2019-09-17 07:33:16,0.593s,PASSED
"utilities.SafeActions.safeClickWithoutScroll(findTestObject(""Pages/Transaction_Management/tab_TransactionManagement""), ""Transaction Management Tab"", [10])",Firefox 68.0,,,2019-09-17 07:33:16,2019-09-17 07:33:16,0.366s,PASSED
"utilities.SafeActions.safeClickwithScroll(findTestObject(""Pages/Transaction_Management/button_Search""), ""Search"", [10])",Firefox 68.0,,,2019-09-17 07:33:16,2019-09-17 07:33:17,0.689s,PASSED
"scrollToElement(findTestObject(""Pages/Transaction_Management/invoice_ForTransaction""), 5)",Firefox 68.0,,,2019-09-17 07:33:17,2019-09-17 07:33:17,0.118s,PASSED
"pages.Transaction_Management.verifyInvoiceRecord(findTestObject(""Pages/Transaction_Management/footer_NextButton""), findTestObject(""Pages/Transaction_Management/page_Number""), invoiceNumber, total_Amount)",Firefox 68.0,,,2019-09-17 07:33:17,2019-09-17 07:33:17,0.523s,PASSED
closeBrowser(),Firefox 68.0,,,2019-09-17 07:33:17,2019-09-17 07:33:19,1.656s,PASSED
Start listener action : sampleAfterTestCase,Firefox 68.0,,,2019-09-17 07:33:19,2019-09-17 07:33:19,0.000s,PASSED
,,,,,,,
Test Cases/FirstView/Sale/TC_Sales_001,Firefox 68.0,,,2019-09-17 07:33:19,2019-09-17 07:33:54,34.562s,PASSED
"utilities.SafeActions.openBrowser(URL, [PageLoadTime])",Firefox 68.0,,,2019-09-17 07:33:20,2019-09-17 07:33:28,8.075s,PASSED
delay(delayForElement),Firefox 68.0,,,2019-09-17 07:33:28,2019-09-17 07:33:34,6.002s,PASSED
"utilities.SafeActions.safeSelectOptionInDropDownByVisibleText(findTestObject(""Pages/Sale/dropDown_AccountType""), RetailAccountOption, ""Select by Value"", [25])",Firefox 68.0,,,2019-09-17 07:33:34,2019-09-17 07:33:34,0.419s,PASSED
delay(delayBetweenTestSteps),Firefox 68.0,,,2019-09-17 07:33:34,2019-09-17 07:33:37,3.003s,PASSED
"pages.Sale.verifyIfEntryModeIsChecked(tabName, entryModeCheckBox, delayBetweenTestSteps)",Firefox 68.0,,,2019-09-17 07:33:37,2019-09-17 07:33:37,0.041s,PASSED
"scrollToElement(findTestObject(""Pages/Sale/input_Amount""), delayBetweenTestSteps)",Firefox 68.0,Scroll down to Element inputAmount,,2019-09-17 07:33:37,2019-09-17 07:33:37,0.075s,PASSED
"utilities.SafeActions.safeType(findTestObject(""Pages/Sale/input_Amount""), amountInput, ""Enter Amount into Amount text box"", [20])",Firefox 68.0,,,2019-09-17 07:33:37,2019-09-17 07:33:38,0.421s,PASSED
"total_Amount = utilities.SafeActions.safeGetText(findTestObject(""Pages/Sale/total_Amount""), delayBetweenTestSteps)",Firefox 68.0,,,2019-09-17 07:33:38,2019-09-17 07:33:38,0.127s,PASSED
"scrollToElement(findTestObject(""Pages/Sale/dropDown_ExpirationMonth""), delayBetweenTestSteps)",Firefox 68.0,,,2019-09-17 07:33:38,2019-09-17 07:33:38,0.085s,PASSED
"pages.Sale.verifyIfEntryModeIsChecked(tabName, cardInformationCheckBox, delayBetweenTestSteps)",Firefox 68.0,,,2019-09-17 07:33:38,2019-09-17 07:33:38,0.035s,PASSED
"utilities.SafeActions.safeType(findTestObject(""Pages/Sale/input_CardNumber""), visaCardNumber, ""Entering Card Number"", [10])",Firefox 68.0,,,2019-09-17 07:33:38,2019-09-17 07:33:38,0.492s,PASSED
delay(delayBetweenTestSteps),Firefox 68.0,,,2019-09-17 07:33:38,2019-09-17 07:33:41,3.003s,PASSED
"utilities.SafeActions.safeSelectOptionInDropDownByVisibleText(findTestObject(""Pages/Sale/dropDown_ExpirationMonth""), cardMonth, ""Enter Month"", [5])",Firefox 68.0,,,2019-09-17 07:33:41,2019-09-17 07:33:42,0.652s,PASSED
"utilities.SafeActions.safeSelectOptionInDropDownByVisibleText(findTestObject(""Pages/Sale/dropDown_ExpirationYear""), cardYear, ""Select Expiration Year"", [5])",Firefox 68.0,,,2019-09-17 07:33:42,2019-09-17 07:33:43,0.623s,PASSED
delay(delayBetweenTestSteps),Firefox 68.0,,,2019-09-17 07:33:43,2019-09-17 07:33:46,3.002s,PASSED
"scrollToElement(findTestObject(""Pages/Sale/invoiceNumber""), delayBetweenTestSteps)",Firefox 68.0,,,2019-09-17 07:33:46,2019-09-17 07:33:46,0.065s,PASSED
"invoiceNumber = utilities.SafeActions.safeGetText(findTestObject(""Pages/Sale/invoiceNumber""), delayBetweenTestSteps)",Firefox 68.0,,,2019-09-17 07:33:46,2019-09-17 07:33:46,0.130s,PASSED
"utilities.SafeActions.safeClickwithScroll(findTestObject(""Pages/Sale/button_Checkout""), ""Click on Checkout button"", [60])",Firefox 68.0,,,2019-09-17 07:33:46,2019-09-17 07:33:47,0.703s,PASSED
"pages.Sale.verifyTransactionCompletePage(findTestObject(""Pages/Sale/heading_TransactionComplete""))",Firefox 68.0,,,2019-09-17 07:33:47,2019-09-17 07:33:47,0.426s,PASSED
delay(delayBetweenTestSteps),Firefox 68.0,,,2019-09-17 07:33:47,2019-09-17 07:33:50,3.003s,PASSED
"utilities.SafeActions.safeClickWithoutScroll(findTestObject(""Pages/Sale/button_ReturnToSale""), ""Click on Return To Sale"", [10])",Firefox 68.0,,,2019-09-17 07:33:50,2019-09-17 07:33:50,0.486s,PASSED
"utilities.SafeActions.safeClickWithoutScroll(findTestObject(""Pages/Transaction_Management/tab_TransactionManagement""), ""Transaction Management Tab"", [10])",Firefox 68.0,,,2019-09-17 07:33:50,2019-09-17 07:33:51,0.375s,PASSED
"utilities.SafeActions.safeClickwithScroll(findTestObject(""Pages/Transaction_Management/button_Search""), ""Search"", [10])",Firefox 68.0,,,2019-09-17 07:33:51,2019-09-17 07:33:51,0.392s,PASSED
"scrollToElement(findTestObject(""Pages/Transaction_Management/invoice_ForTransaction""), delayBetweenTestSteps)",Firefox 68.0,,,2019-09-17 07:33:51,2019-09-17 07:33:52,0.429s,PASSED
"pages.Transaction_Management.verifyInvoiceRecord(findTestObject(""Pages/Transaction_Management/footer_NextButton""), findTestObject(""Pages/Transaction_Management/page_Number""), invoiceNumber, total_Amount)",Firefox 68.0,,,2019-09-17 07:33:52,2019-09-17 07:33:52,0.423s,PASSED
closeBrowser(),Firefox 68.0,,,2019-09-17 07:33:52,2019-09-17 07:33:54,1.621s,PASSED
Start listener action : sampleAfterTestCase,Firefox 68.0,,,2019-09-17 07:33:54,2019-09-17 07:33:54,0.000s,PASSED
,,,,,,,
Test Cases/FirstView/FirstPayVault/TC_1st_Pay_Vault_001,Firefox 68.0,,,2019-09-17 07:33:54,2019-09-17 07:34:39,45.208s,PASSED
"utilities.SafeActions.openBrowser(URL, [PageLoadTime])",Firefox 68.0,,,2019-09-17 07:33:54,2019-09-17 07:34:01,7.500s,PASSED
delay(6),Firefox 68.0,,,2019-09-17 07:34:01,2019-09-17 07:34:07,6.003s,PASSED
"utilities.SafeActions.safeSelectOptionInDropDownByVisibleText(findTestObject(""Pages/Sale/dropDown_AccountType""), ""ranjanatest2 - 888814981372/001 Account Type: Retail"", ""Select by Value"", [25])",Firefox 68.0,,,2019-09-17 07:34:07,2019-09-17 07:34:08,0.425s,PASSED
"utilities.SafeActions.safeClickWithoutScroll(findTestObject(""Pages/FirstPayVault/tab_FirstPayVault""), ""Click on FirstPayVault tab"", [5])",Firefox 68.0,,,2019-09-17 07:34:08,2019-09-17 07:34:08,0.513s,PASSED
"utilities.SafeActions.safeClickWithoutScroll(findTestObject(""Pages/FirstPayVault/button_CreateVault""), ""Click on CreateVault button"", [5])",Firefox 68.0,,,2019-09-17 07:34:08,2019-09-17 07:34:09,0.576s,PASSED
"scrollToElement(findTestObject(""Pages/FirstPayVault/input_VaultReferenceNumber""), 5)",Firefox 68.0,,,2019-09-17 07:34:09,2019-09-17 07:34:09,0.083s,PASSED
"utilities.SafeActions.safeType(findTestObject(""Pages/FirstPayVault/input_VaultReferenceNumber""), vaultReference, ""Entering Vault Reference Number"", [5])",Firefox 68.0,,,2019-09-17 07:34:09,2019-09-17 07:34:10,0.426s,PASSED
"utilities.SafeActions.safeType(findTestObject(""Pages/FirstPayVault/input_CreditCardNumber""), ""4111111111111111"", ""Entering Card Number"", [10])",Firefox 68.0,,,2019-09-17 07:34:10,2019-09-17 07:34:10,0.419s,PASSED
delay(4),Firefox 68.0,,,2019-09-17 07:34:10,2019-09-17 07:34:14,4.003s,PASSED
"utilities.SafeActions.safeSelectOptionInDropDownByVisibleText(findTestObject(""Pages/FirstPayVault/dropDown_ExpirationMonth""), ""September"", ""Expiration Month"", [5])",Firefox 68.0,,,2019-09-17 07:34:14,2019-09-17 07:34:15,0.681s,PASSED
"utilities.SafeActions.safeSelectOptionInDropDownByVisibleText(findTestObject(""Pages/FirstPayVault/dropDown_ExpirationYear""), ""2023"", ""year"", [5])",Firefox 68.0,,,2019-09-17 07:34:15,2019-09-17 07:34:15,0.578s,PASSED
delay(2),Firefox 68.0,,,2019-09-17 07:34:15,2019-09-17 07:34:17,2.002s,PASSED
"utilities.SafeActions.safeType(findTestObject(""Pages/FirstPayVault/input_ContactName""), ""Venkata Sai"", ""Enter Contact Name"", [5])",Firefox 68.0,,,2019-09-17 07:34:17,2019-09-17 07:34:18,0.446s,PASSED
"utilities.SafeActions.safeType(findTestObject(""Pages/FirstPayVault/input_PostalCode""), ""76102"", ""Enter Postal Code"", [5])",Firefox 68.0,,,2019-09-17 07:34:18,2019-09-17 07:34:18,0.419s,PASSED
"utilities.SafeActions.safeType(findTestObject(""Pages/FirstPayVault/input_Address""), ""James Street"", ""Enter ddress"", [5])",Firefox 68.0,,,2019-09-17 07:34:18,2019-09-17 07:34:18,0.431s,PASSED
"utilities.SafeActions.safeCheckForElement(findTestObject(""Pages/FirstPayVault/chekBox_AddShippingInformation""), 5)",Firefox 68.0,,,2019-09-17 07:34:18,2019-09-17 07:34:19,0.330s,PASSED
"utilities.SafeActions.safeType(findTestObject(""Pages/FirstPayVault/input_ShippingMethod""), ""DTDC"", ""Enter Shipping Method"", [5])",Firefox 68.0,,,2019-09-17 07:34:19,2019-09-17 07:34:19,0.401s,PASSED
"utilities.SafeActions.safeCheckForElement(findTestObject(""Pages/FirstPayVault/checkbox_SameAsBillingInformation""), 5)",Firefox 68.0,,,2019-09-17 07:34:19,2019-09-17 07:34:20,0.299s,PASSED
"utilities.SafeActions.safeClickwithScroll(findTestObject(""Pages/FirstPayVault/button_Create""), ""Click on Create Button"", [5])",Firefox 68.0,,,2019-09-17 07:34:20,2019-09-17 07:34:20,0.394s,PASSED
delay(2),Firefox 68.0,,,2019-09-17 07:34:20,2019-09-17 07:34:22,2.003s,PASSED
"popupSavedToVaultMessage = utilities.SafeActions.safeGetText(findTestObject(""Pages/FirstPayVault/popup_SavedToVaultMessage""), 5)",Firefox 68.0,,,2019-09-17 07:34:22,2019-09-17 07:34:22,0.132s,PASSED
"flag = utilities.SafeActions.verifyPopupMessage(""Successfully Saved to Vault"", popupSavedToVaultMessage)",Firefox 68.0,,,2019-09-17 07:34:22,2019-09-17 07:34:22,0.002s,PASSED
delay(2),Firefox 68.0,,,2019-09-17 07:34:22,2019-09-17 07:34:24,2.001s,PASSED
"utilities.SafeActions.safeClickWithoutScroll(findTestObject(""Pages/FirstPayVault/button_SearchVault_InPopup""), ""Click on Search Vault in Popup"", [delayBetweenTestSteps])",Firefox 68.0,,,2019-09-17 07:34:24,2019-09-17 07:34:25,0.453s,PASSED
delay(1),Firefox 68.0,,,2019-09-17 07:34:25,2019-09-17 07:34:26,1.003s,PASSED
"utilities.SafeActions.safeClickwithScroll(findTestObject(""Pages/FirstPayVault/button_Search""), ""Click On Search button"", [5])",Firefox 68.0,,,2019-09-17 07:34:26,2019-09-17 07:34:26,0.371s,PASSED
"scrollToElement(findTestObject(""Pages/Transaction_Management/invoice_ForTransaction""), 5)",Firefox 68.0,,,2019-09-17 07:34:26,2019-09-17 07:34:27,1.088s,PASSED
"pages.FirstPayVault.deleteInvoiceRecord(findTestObject(""Pages/FirstPayVault/footer_NextButton""), findTestObject(""Pages/FirstPayVault/page_Number""), findTestObject(""Pages/FirstPayVault/button_deleteFromVault""), vaultReference)",Firefox 68.0,,,2019-09-17 07:34:27,2019-09-17 07:34:34,6.828s,PASSED
delay(delayBetweenTestSteps),Firefox 68.0,,,2019-09-17 07:34:34,2019-09-17 07:34:37,3.003s,PASSED
"deleteVaultPopupMessage = utilities.SafeActions.safeGetText(findTestObject(""Pages/FirstPayVault/alertMessageAfterDeleteVault""), delayBetweenTestSteps)",Firefox 68.0,,,2019-09-17 07:34:37,2019-09-17 07:34:37,0.086s,PASSED
"utilities.SafeActions.verifyPopupMessage(""Vault Deletion successfully completed"", deleteVaultPopupMessage)",Firefox 68.0,,,2019-09-17 07:34:37,2019-09-17 07:34:37,0.001s,PASSED
"utilities.SafeActions.safeClickWithoutScroll(findTestObject(""Pages/FirstPayVault/closeLocatorForDeletePopupMessage""), ""Click on Close button"", [5])",Firefox 68.0,,,2019-09-17 07:34:37,2019-09-17 07:34:37,0.381s,PASSED
closeBrowser(),Firefox 68.0,,,2019-09-17 07:34:37,2019-09-17 07:34:39,1.605s,PASSED
Start listener action : sampleAfterTestCase,Firefox 68.0,,,2019-09-17 07:34:39,2019-09-17 07:34:39,0.000s,PASSED
,,,,,,,
Test Cases/FirstView/FirstPayVault/TC_1st_Pay_Vault_002,Firefox 68.0,,,2019-09-17 07:34:39,2019-09-17 07:35:25,46.561s,PASSED
"utilities.SafeActions.openBrowser(URL, [PageLoadTime])",Firefox 68.0,,,2019-09-17 07:34:39,2019-09-17 07:34:46,6.347s,PASSED
delay(6),Firefox 68.0,,,2019-09-17 07:34:46,2019-09-17 07:34:52,6.002s,PASSED
"utilities.SafeActions.safeSelectOptionInDropDownByVisibleText(findTestObject(""Pages/Sale/dropDown_AccountType""), ""ranjanatest2 - 888814981372/001 Account Type: Retail"", ""Select by Value"", [25])",Firefox 68.0,,,2019-09-17 07:34:52,2019-09-17 07:34:52,0.403s,PASSED
"utilities.SafeActions.safeClickWithoutScroll(findTestObject(""Pages/FirstPayVault/tab_FirstPayVault""), ""Click on FirstPayVault tab"", [5])",Firefox 68.0,,,2019-09-17 07:34:52,2019-09-17 07:34:52,0.398s,PASSED
"utilities.SafeActions.safeClickWithoutScroll(findTestObject(""Pages/FirstPayVault/button_CreateVault""), ""Click on CreateVault button"", [5])",Firefox 68.0,,,2019-09-17 07:34:52,2019-09-17 07:34:53,0.570s,PASSED
"scrollToElement(findTestObject(""Pages/FirstPayVault/input_VaultReferenceNumber""), 5)",Firefox 68.0,,,2019-09-17 07:34:53,2019-09-17 07:34:53,0.072s,PASSED
"utilities.SafeActions.safeType(findTestObject(""Pages/FirstPayVault/input_VaultReferenceNumber""), vaultReference, ""Entering Vault Reference Number"", [5])",Firefox 68.0,,,2019-09-17 07:34:53,2019-09-17 07:34:53,0.447s,PASSED
"utilities.SafeActions.safeType(findTestObject(""Pages/FirstPayVault/input_CreditCardNumber""), ""4111111111111111"", ""Entering Card Number"", [10])",Firefox 68.0,,,2019-09-17 07:34:53,2019-09-17 07:34:54,0.509s,PASSED
delay(4),Firefox 68.0,,,2019-09-17 07:34:54,2019-09-17 07:34:58,4.002s,PASSED
"utilities.SafeActions.safeSelectOptionInDropDownByVisibleText(findTestObject(""Pages/FirstPayVault/dropDown_ExpirationMonth""), ""September"", ""Expiration Month"", [5])",Firefox 68.0,,,2019-09-17 07:34:58,2019-09-17 07:34:59,0.640s,PASSED
"utilities.SafeActions.safeSelectOptionInDropDownByVisibleText(findTestObject(""Pages/FirstPayVault/dropDown_ExpirationYear""), ""2023"", ""year"", [5])",Firefox 68.0,,,2019-09-17 07:34:59,2019-09-17 07:34:59,0.591s,PASSED
delay(2),Firefox 68.0,,,2019-09-17 07:34:59,2019-09-17 07:35:01,2.003s,PASSED
"utilities.SafeActions.safeType(findTestObject(""Pages/FirstPayVault/input_ContactName""), ""Venkata Sai"", ""Enter Contact Name"", [5])",Firefox 68.0,,,2019-09-17 07:35:01,2019-09-17 07:35:02,0.487s,PASSED
"utilities.SafeActions.safeType(findTestObject(""Pages/FirstPayVault/input_PostalCode""), ""76102"", ""Enter Postal Code"", [5])",Firefox 68.0,,,2019-09-17 07:35:02,2019-09-17 07:35:02,0.383s,PASSED
"utilities.SafeActions.safeType(findTestObject(""Pages/FirstPayVault/input_Address""), ""James Street"", ""Enter ddress"", [5])",Firefox 68.0,,,2019-09-17 07:35:02,2019-09-17 07:35:02,0.397s,PASSED
"utilities.SafeActions.safeCheckForElement(findTestObject(""Pages/FirstPayVault/chekBox_AddShippingInformation""), 5)",Firefox 68.0,,,2019-09-17 07:35:02,2019-09-17 07:35:03,0.307s,PASSED
"utilities.SafeActions.safeType(findTestObject(""Pages/FirstPayVault/input_ShippingMethod""), ""DTDC"", ""Enter Shipping Method"", [5])",Firefox 68.0,,,2019-09-17 07:35:03,2019-09-17 07:35:03,0.405s,PASSED
"utilities.SafeActions.safeCheckForElement(findTestObject(""Pages/FirstPayVault/checkbox_SameAsBillingInformation""), 5)",Firefox 68.0,,,2019-09-17 07:35:03,2019-09-17 07:35:04,0.308s,PASSED
"utilities.SafeActions.safeClickwithScroll(findTestObject(""Pages/FirstPayVault/button_Create""), ""Click on Create Button"", [5])",Firefox 68.0,,,2019-09-17 07:35:04,2019-09-17 07:35:04,0.414s,PASSED
delay(2),Firefox 68.0,,,2019-09-17 07:35:04,2019-09-17 07:35:06,2.002s,PASSED
"popupSavedToVaultMessage = utilities.SafeActions.safeGetText(findTestObject(""Pages/FirstPayVault/popup_SavedToVaultMessage""), 5)",Firefox 68.0,,,2019-09-17 07:35:06,2019-09-17 07:35:06,0.099s,PASSED
"flag = utilities.SafeActions.verifyPopupMessage(""Successfully Saved to Vault"", popupSavedToVaultMessage)",Firefox 68.0,,,2019-09-17 07:35:06,2019-09-17 07:35:06,0.001s,PASSED
delay(2),Firefox 68.0,,,2019-09-17 07:35:06,2019-09-17 07:35:08,2.003s,PASSED
"utilities.SafeActions.safeClickWithoutScroll(findTestObject(""Pages/FirstPayVault/button_RunASale_InPopup""), ""Click on Run A Sale in Popup"", [delayBetweenTestSteps])",Firefox 68.0,,,2019-09-17 07:35:08,2019-09-17 07:35:08,0.447s,PASSED
delay(1),Firefox 68.0,,,2019-09-17 07:35:08,2019-09-17 07:35:09,1.002s,PASSED
"value = utilities.SafeActions.getAttributeValue(findTestObject(""Pages/Sale/tab_Sale_Active""), ""Sale"")",Firefox 68.0,,,2019-09-17 07:35:09,2019-09-17 07:35:10,0.099s,PASSED
"utilities.SafeActions.safeClickwithScroll(findTestObject(""Pages/FirstPayVault/tab_FirstPayVault""), ""First Pay Vault Tab"", [10])",Firefox 68.0,,,2019-09-17 07:35:10,2019-09-17 07:35:10,0.385s,PASSED
"utilities.SafeActions.safeClickwithScroll(findTestObject(""Pages/FirstPayVault/button_SearchVault""), ""Click on Search Vault"", [10])",Firefox 68.0,,,2019-09-17 07:35:10,2019-09-17 07:35:11,0.551s,PASSED
"utilities.SafeActions.safeClickWithoutScroll(findTestObject(""Pages/FirstPayVault/button_Search""), ""Click On Search button"", [5])",Firefox 68.0,,,2019-09-17 07:35:11,2019-09-17 07:35:11,0.414s,PASSED
"scrollToElement(findTestObject(""Pages/Transaction_Management/invoice_ForTransaction""), 5)",Firefox 68.0,,,2019-09-17 07:35:11,2019-09-17 07:35:12,0.581s,PASSED
"pages.FirstPayVault.verifyInvoiceRecord(findTestObject(""Pages/FirstPayVault/footer_NextButton""), findTestObject(""Pages/FirstPayVault/page_Number""), vaultReference)",Firefox 68.0,,,2019-09-17 07:35:12,2019-09-17 07:35:12,0.282s,PASSED
delay(2),Firefox 68.0,,,2019-09-17 07:35:12,2019-09-17 07:35:14,2.002s,PASSED
"pages.FirstPayVault.deleteInvoiceRecord(findTestObject(""Pages/FirstPayVault/footer_NextButton""), findTestObject(""Pages/FirstPayVault/page_Number""), findTestObject(""Pages/FirstPayVault/button_deleteFromVault""), vaultReference)",Firefox 68.0,,,2019-09-17 07:35:14,2019-09-17 07:35:21,6.750s,PASSED
delay(delayBetweenTestSteps),Firefox 68.0,,,2019-09-17 07:35:21,2019-09-17 07:35:24,3.003s,PASSED
"deleteVaultPopupMessage = utilities.SafeActions.safeGetText(findTestObject(""Pages/FirstPayVault/alertMessageAfterDeleteVault""), delayBetweenTestSteps)",Firefox 68.0,,,2019-09-17 07:35:24,2019-09-17 07:35:24,0.090s,PASSED
"utilities.SafeActions.verifyPopupMessage(""Vault Deletion successfully completed"", deleteVaultPopupMessage)",Firefox 68.0,,,2019-09-17 07:35:24,2019-09-17 07:35:24,0.001s,PASSED
"utilities.SafeActions.safeClickWithoutScroll(findTestObject(""Pages/FirstPayVault/closeLocatorForDeletePopupMessage""), ""Click on Close button"", [5])",Firefox 68.0,,,2019-09-17 07:35:24,2019-09-17 07:35:24,0.344s,PASSED
closeBrowser(),Firefox 68.0,,,2019-09-17 07:35:24,2019-09-17 07:35:25,1.457s,PASSED
Start listener action : sampleAfterTestCase,Firefox 68.0,,,2019-09-17 07:35:25,2019-09-17 07:35:25,0.000s,PASSED
,,,,,,,
Test Cases/FirstView/FirstPayVault/TC_1st_Pay_Vault_003,Firefox 68.0,,,2019-09-17 07:35:25,2019-09-17 07:35:57,31.306s,ERROR
"utilities.SafeActions.openBrowser(URL, [PageLoadTime])",Firefox 68.0,,,2019-09-17 07:35:26,2019-09-17 07:35:32,6.688s,PASSED
delay(6),Firefox 68.0,,,2019-09-17 07:35:32,2019-09-17 07:35:38,6.008s,PASSED
"utilities.SafeActions.safeSelectOptionInDropDownByVisibleText(findTestObject(""Pages/Sale/dropDown_AccountType""), ""ranjanatest2 - 888814981372/001 Account Type: Retail"", ""Select by Value"", [25])",Firefox 68.0,,,2019-09-17 07:35:38,2019-09-17 07:35:39,0.402s,PASSED
"utilities.SafeActions.safeClickWithoutScroll(findTestObject(""Pages/FirstPayVault/tab_FirstPayVault""), ""Click on FirstPayVault tab"", [5])",Firefox 68.0,,,2019-09-17 07:35:39,2019-09-17 07:35:39,0.389s,PASSED
"utilities.SafeActions.safeClickWithoutScroll(findTestObject(""Pages/FirstPayVault/button_CreateVault""), ""Click on CreateVault button"", [5])",Firefox 68.0,,,2019-09-17 07:35:39,2019-09-17 07:35:40,0.555s,PASSED
"scrollToElement(findTestObject(""Pages/FirstPayVault/input_VaultReferenceNumber""), 5)",Firefox 68.0,,,2019-09-17 07:35:40,2019-09-17 07:35:40,0.070s,PASSED
"utilities.SafeActions.safeType(findTestObject(""Pages/FirstPayVault/input_VaultReferenceNumber""), vaultReference, ""Entering Vault Reference Number"", [5])",Firefox 68.0,,,2019-09-17 07:35:40,2019-09-17 07:35:40,0.468s,PASSED
"utilities.SafeActions.safeType(findTestObject(""Pages/FirstPayVault/input_CreditCardNumber""), ""4111111111111111"", ""Entering Card Number"", [10])",Firefox 68.0,,,2019-09-17 07:35:40,2019-09-17 07:35:41,0.434s,PASSED
delay(4),Firefox 68.0,,,2019-09-17 07:35:41,2019-09-17 07:35:45,4.002s,PASSED
"utilities.SafeActions.safeSelectOptionInDropDownByVisibleText(findTestObject(""Pages/FirstPayVault/dropDown_ExpirationMonth""), ""September"", ""Expiration Month"", [5])",Firefox 68.0,,,2019-09-17 07:35:45,2019-09-17 07:35:45,0.675s,PASSED
"utilities.SafeActions.safeSelectOptionInDropDownByVisibleText(findTestObject(""Pages/FirstPayVault/dropDown_ExpirationYear""), ""2023"", ""year"", [5])",Firefox 68.0,,,2019-09-17 07:35:45,2019-09-17 07:35:46,0.578s,PASSED
delay(2),Firefox 68.0,,,2019-09-17 07:35:46,2019-09-17 07:35:48,2.003s,PASSED
"utilities.SafeActions.safeType(findTestObject(""Pages/FirstPayVault/input_ContactName""), customerName, ""Enter Contact Name"", [5])",Firefox 68.0,,,2019-09-17 07:35:48,2019-09-17 07:35:48,0.428s,PASSED
"utilities.SafeActions.safeType(findTestObject(""Pages/FirstPayVault/input_PostalCode""), ""76102"", ""Enter Postal Code"", [5])",Firefox 68.0,,,2019-09-17 07:35:48,2019-09-17 07:35:49,0.359s,PASSED
"utilities.SafeActions.safeType(findTestObject(""Pages/FirstPayVault/input_Address""), ""James Street"", ""Enter ddress"", [5])",Firefox 68.0,,,2019-09-17 07:35:49,2019-09-17 07:35:49,0.493s,PASSED
"utilities.SafeActions.safeCheckForElement(findTestObject(""Pages/FirstPayVault/chekBox_AddShippingInformation""), 5)",Firefox 68.0,,,2019-09-17 07:35:49,2019-09-17 07:35:50,0.354s,PASSED
"utilities.SafeActions.safeType(findTestObject(""Pages/FirstPayVault/input_ShippingMethod""), ""DTDC"", ""Enter Shipping Method"", [5])",Firefox 68.0,,,2019-09-17 07:35:50,2019-09-17 07:35:50,0.392s,PASSED
"utilities.SafeActions.safeCheckForElement(findTestObject(""Pages/FirstPayVault/checkbox_SameAsBillingInformation""), 5)",Firefox 68.0,,,2019-09-17 07:35:50,2019-09-17 07:35:50,0.341s,PASSED
"utilities.SafeActions.safeClickwithScroll(findTestObject(""Pages/FirstPayVault/button_Create""), ""Click on Create Button"", [5])",Firefox 68.0,,,2019-09-17 07:35:50,2019-09-17 07:35:51,0.403s,PASSED
delay(2),Firefox 68.0,,,2019-09-17 07:35:51,2019-09-17 07:35:53,2.004s,PASSED
"popupSavedToVaultMessage = utilities.SafeActions.safeGetText(findTestObject(""Pages/FirstPayVault/popup_SavedToVaultMessage""), 5)",Firefox 68.0,,,2019-09-17 07:35:53,2019-09-17 07:35:53,0.105s,PASSED
"flag = utilities.SafeActions.verifyPopupMessage(""Successfully Saved to Vault"", popupSavedToVaultMessage)",Firefox 68.0,,,2019-09-17 07:35:53,2019-09-17 07:35:53,0.000s,PASSED
delay(2),Firefox 68.0,,,2019-09-17 07:35:53,2019-09-17 07:35:55,2.002s,PASSED
"utilities.SafeActions.safeClickWithoutScroll(findTestObject(""Pages/FirstPayVault/button_RunSaleWithThisVault_InPopup""), ""Click on Run Sale With This Vault in Popup"", [delayBetweenTestSteps])",Firefox 68.0,,,2019-09-17 07:35:55,2019-09-17 07:35:55,0.435s,PASSED
delay(1),Firefox 68.0,,,2019-09-17 07:35:55,2019-09-17 07:35:56,1.001s,PASSED
"value = utilities.SafeActions.getAttributeValue(findTestObject(""Pages/FirstPayVault/tab_1stPayVault_Active""), ""1st_PayVault"")",Firefox 68.0,,,2019-09-17 07:35:56,2019-09-17 07:35:56,0.073s,PASSED
"scrollToElement(findTestObject(""Pages/FirstPayVault/input_Amount""), 5)",Firefox 68.0,,,2019-09-17 07:35:56,2019-09-17 07:35:56,0.067s,PASSED
"utilities.SafeActions.safeType(findTestObject(""Pages/FirstPayVault/input_Amount""), ""450"", ""Enter Amount"", [5])",Firefox 68.0,,,2019-09-17 07:35:56,2019-09-17 07:35:57,0.194s,ERROR
"salesTax = utilities.SafeActions.safeGetText(findTestObject(""Pages/FirstPayVault/input_SalesTaxUnderAmount""), delayBetweenTestSteps)",Firefox 68.0,,,2019-09-17 07:35:57,2019-09-17 07:35:57,0.085s,PASSED
pages.FirstPayVault.verifyAmountIsNotZero(salesTax),Firefox 68.0,,,2019-09-17 07:35:57,2019-09-17 07:35:57,0.018s,FAILED
Start listener action : sampleAfterTestCase,Firefox 68.0,,,2019-09-17 07:35:57,2019-09-17 07:35:57,0.000s,PASSED
